,pro_name
0,1a30
1,1bcu
2,1bzc
3,1c5z
4,1e66
5,1eby
6,1g2k
7,1gpk
8,1gpn
9,1h22
10,1h23
11,1k1i
12,1lpg
13,1mq6
14,1nc1
15,1nc3
16,1nvq
17,1o0h
18,1o3f
19,1o5b
20,1owh
21,1oyt
22,1p1n
23,1p1q
24,1ps3
25,1pxn
26,1q8t
27,3f3e
28,3fcq
29,3fur
30,3fv1
31,3fv2
32,3g0w
33,3g2n
34,3g2z
35,3g31
36,3gbb
37,3gc5
38,3ge7
39,3gnw
40,3gr2
41,3gv9
42,3gy4
43,3ivg
44,3jvr
45,3jvs
46,3jya
47,3k5v
48,3kgp
49,3kr8
50,3kwa
51,3l7b
52,3lka
53,3mss
54,3myg
55,3n76
56,3n7a
57,3n86
58,3nq9
59,3uev
60,3uew
61,3uex
62,3ui7
63,3uo4
64,3up2
65,3uri
66,3utu
67,3uuo
68,3wtj
69,3wz8
70,3zdg
71,3zso
72,3zsx
73,3zt2
74,4abg
75,4agn
76,4agp
77,4agq
78,4bkt
79,4cig
80,4ciw
81,4cr9
82,4cra
83,4crc
84,4ddh
85,4ddk
86,4de1
87,2fxs
88,2hb1
89,2iwx
90,2j78
91,2j7h
92,2p15
93,2p4y
94,2pog
95,2qbp
96,2qbq
97,2qbr
98,2qe4
99,2qnq
100,2r9w
101,2v00
102,2v7a
103,2vkm
104,2vvn
105,2vw5
106,2w4x
107,2w66
108,4jia
109,4jsz
110,4jxs
111,4k18
112,4k77
113,4kz6
114,4kzq
115,4kzu
116,4llx
117,4lzs
118,4m0y
119,4m0z
120,4mgd
121,4mme
122,4ogj
123,4owm
124,4pcs
125,4qac
126,4qd6
127,4rfm
128,4tmn
129,4twp
130,4ty7
131,4u4s
132,4w9c
133,4w9h
134,4w9i
135,4w9l
136,4wiv
137,4x6p
138,5a7b
139,5aba
140,5c28
141,5c2h
142,5dwr
143,5tmn
144,1q8u
145,2fvd
146,2wbg
147,2zcq
148,3f3d
149,3nw9
150,3ueu
151,4de2
152,4jfs
153,2zcr
154,2zda
155,2zy1
156,3acw
157,3ag9
158,3ao4
159,3arp
160,3arq
161,3aru
162,3arv
163,3ary
164,3b1m
165,3b27
166,3b5r
167,3b65
168,3b68
169,3bgz
170,3bv9
171,3cj4
172,3coy
173,3coz
174,3d4z
175,3d6q
176,3dd0
177,3dx1
178,3dx2
179,3dxg
180,3e5a
181,3e92
182,3e93
183,3ebp
184,3ehy
185,3ejr
186,3f3a
187,3f3c
188,3nx7
189,3o9i
190,3oe4
191,3oe5
192,3ozs
193,3ozt
194,3p5o
195,3prs
196,3pww
197,3pxf
198,3pyy
199,3qgy
200,3qqs
201,3r88
202,3rlr
203,3rr4
204,3rsx
205,3ryj
206,3syr
207,3tsk
208,3twp
209,3u5j
210,3u8k
211,3u8n
212,3u9q
213,3udh
214,1qf1
215,1qkt
216,1r5y
217,1s38
218,1sqa
219,1syi
220,1u1b
221,1uto
222,1vso
223,1w4o
224,1y6r
225,1yc1
226,1ydr
227,1ydt
228,1z6e
229,1z95
230,1z9g
231,2al5
232,2br1
233,2brb
234,2c3i
235,2cbv
236,2cet
237,4de3
238,4djv
239,4dld
240,4dli
241,4e5w
242,4e6q
243,4ea2
244,4eky
245,4eo8
246,4eor
247,4f09
248,4f2w
249,4f3c
250,4f9w
251,4gfm
252,4gid
253,4gkm
254,4gr0
255,4hge
256,4ih5
257,4ih7
258,4ivb
259,4ivc
260,4ivd
261,4j21
262,4j28
263,4j3l
264,2wca
265,2weg
266,2wer
267,2wn9
268,2wnc
269,2wtv
270,2wvt
271,2x00
272,2xb8
273,2xbv
274,2xdl
275,2xii
276,2xj7
277,2xnb
278,2xys
279,2y5h
280,2yfe
281,2yge
282,2yki
283,2ymd
284,2zb1
